,l_mean,l_std,l_entropy,l_ggd1,l_ggd2,l_aggd1,l_aggd2,l_aggd3,l_aggd4,l_gamma1,l_gamma2,a_mean,a_std,a_entropy,a_ggd1,a_ggd2,a_aggd1,a_aggd2,a_aggd3,a_aggd4,a_gamma1,a_gamma2,b_mean,b_std,b_entropy,b_ggd1,b_ggd2,b_aggd1,b_aggd2,b_aggd3,b_aggd4,b_gamma1,b_gamma2,curvature_mean,curvature_std,curvature_entropy,curvature_ggd1,curvature_ggd2,curvature_aggd1,curvature_aggd2,curvature_aggd3,curvature_aggd4,curvature_gamma1,curvature_gamma2,anisotropy_mean,anisotropy_std,anisotropy_entropy,anisotropy_ggd1,anisotropy_ggd2,anisotropy_aggd1,anisotropy_aggd2,anisotropy_aggd3,anisotropy_aggd4,anisotropy_gamma1,anisotropy_gamma2,linearity_mean,linearity_std,linearity_entropy,linearity_ggd1,linearity_ggd2,linearity_aggd1,linearity_aggd2,linearity_aggd3,linearity_aggd4
points,42.275655446026384,24.452553591546298,7.274560233433219,4.3417647947479345,12.067130512921544,6.623862697049561,-26.123307834329598,19.762534996361303,6.801394777864671,0.12518801,0.052788835,7.195203460860048,10.000000000000007,0.13586251,2.5980000000000025,0.09689600152280266,0.94144446,1.0598353,5.624103919110951,0.022259192877438983,0.7692928,0.122208774,6.958680837121053,10.000000000000007,0.778939,2.212000000000002,-0.2809501619019814,1.180118,0.83177537,39.62694191326682,0.019413377631491435,0.45780975,0.17720482,7.280516660240438,10.000000000000007,0.4909078,2.8080000000000025,-0.05305802990768323,1.032522,0.96808684,6.674689826577435,0.06858891981938676,0.31148303,0.16412258,7.183118933853578,10.000000000000007,0.35207546,2.7030000000000025,0.19860985780655135,0.88239944,1.1242985,3.6020035395303154,0.08647493182346874,0.23070724,0.122208774,6.958676720101273,10.000000000000007,0.26107547,2.212000000000002,0.280949969609282,0.8317755,1.1801178,3.5639345874506603,0.06473386309310328
